Company,Company Score,Job Title,Location,Date,Salary
viewsoft,4.8,software engineer,"manassas, va",8d,$68k - $94k (glassdoor est.)
workiva,4.3,software support engineer,remote,2d,$61k - $104k (employer est.)
"garmin international, inc.",3.9,c# software engineer,"cary, nc",2d,$95k - $118k (glassdoor est.)
snapchat,3.5,"software engineer, fullstack, 1+ years of experience","los angeles, ca",2d,$97k - $145k (employer est.)
vitesco technologies group ag,3.1,software engineer,"seguin, tx",2d,$85k - $108k (glassdoor est.)
spotify,3.9,backend engineer ii,"new york, ny",1d,$123k - $175k (employer est.)
infor,4.0,associate software engineer,"alpharetta, ga",7d,$77k - $94k (glassdoor est.)
amerisoft corporation,5.0,software developers,"farmington hills, mi",30d+,$71k - $100k (glassdoor est.)
whoop,3.3,"software engineer ii (backend, health)","boston, ma",10d,$94k - $148k (glassdoor est.)
pff,4.2,sr. software engineer,remote,1d,$147k - $189k (employer est.)
salesforce,4.1,mts software engineer,"san francisco, ca",5d,$90k - $113k (employer est.)
"healthmine services, inc.",3.8,software engineer,remote,1d,$54k - $79k (glassdoor est.)
honeywell,4.1,software engineer i,"aguadilla, pr",2d,$91k - $135k (glassdoor est.)
legrand av,3.7,software engineer,minneapolis-saint paul,2d,$70k - $135k (employer est.)
athenahealth,4.0,"software engineer, athenacollector – rcm rules","boston, ma",2d,$192k - $288k (employer est.)
amex,4.1,java engineer,"plantation, fl",6d,$100k - $125k (employer est.)
soft labs na,5.0,entry level to senior level software developers,"northborough, ma",30d+,$85k - $127k (glassdoor est.)
snapchat,3.5,"software engineer, c++","los angeles, ca",2d,$69k - $109k (glassdoor est.)
hertz,3.2,software engineer,"seattle, wa",2d,$124k - $234k (employer est.)
"7-eleven, inc.",3.4,software engineer,"irving, tx",1d,$85k - $150k (employer est.)
"summit technologies, inc.",4.2,software engineer,"springfield, ma",10d,$48k - $89k (glassdoor est.)
adobe,2.9,software development engineer,"san jose, ca",10d,$66k - $97k (glassdoor est.)
the mitre corporation,4.0,associate software engineer,"bedford, ma",2d,$108k - $199k (employer est.)
boston children's hospital,4.1,software engineer - ha (hybrid),"boston, ma",30d+,$102k - $173k (employer est.)
amex,3.2,engineer - react/javascript,"sunrise, fl",5d,$124k - $142k (employer est.)
ahold delhaize usa,4.0,software engineer - martech,"carlisle, pa",2d,$94k - $133k (glassdoor est.)
artera technologies,4.2,software engineers,"annapolis junction, md",6d,$70k - $116k (glassdoor est.)
adobe,4.3,software engineer,"lehi, ut",13d,$142k - $178k (employer est.)
workiva,3.5,senior software engineer,remote,3d,$87k - $135k (employer est.)
samsung electronics,3.4,software engineer,"mountain view, ca",2d,$77k - $182k (employer est.)
ipg photonics,3.7,software engineer,"oxford, ma",4d,$101k - $144k (glassdoor est.)
crafty,3.3,software engineer,"chicago, il",2d,$101k - $168k (employer est.)
"crunchyroll, llc",4.2,"software engineer iii, payments","san francisco, ca",13d,$74k - $118k (glassdoor est.)
lego,3.9,backend software engineer,"irvine, ca",9d,$100k - $200k (employer est.)
principal financial group,4.1,experienced software engineer,"des moines, ia",2d,$51k - $78k (glassdoor est.)
intel,3.4,security software engineer,"phoenix, az",22d,$71k - $237k (employer est.)
hasbro,4.4,"software engineer, unreal engine","renton, wa",18d,$87k - $116k (glassdoor est.)
software engineering institute,4.2,software engineer,"pittsburgh, pa",30d+,$116k - $184k (employer est.)
university of dayton,4.4,associate software engineer,"dayton, oh",2d,$75k - $103k (glassdoor est.)
mit,3.7,software developer,"cambridge, ma",17d,$155k - $221k (employer est.)
amazon.com services llc,5.0,software dev engineer - computer science,"seattle, wa",2d,$112k - $165k (employer est.)
daqscribe solutions,3.9,jr. software engineer,united states,10d,$73k - $109k (glassdoor est.)
west virginia university,4.5,software engineer - libraries,"morgantown, wv",4d,$120k - $150k (employer est.)
noblis,2.0,software engineer (all levels),"chantilly, va",1d,$77k - $87k (employer est.)
eimagine,3.5,software engineer,united states,30d+,$65k - $90k (employer est.)
csl software solutions,4.1,software/database developer,"burlington, vt",18d,$74k - $101k (glassdoor est.)
chewy,3.8,software engineer ii,"bellevue, wa",2d,$74k - $111k (glassdoor est.)
erpa,4.3,software test engineer,"dublin, oh",2d,$147k - $186k (employer est.)
afterpay,4.1,"software engineer, incentive","seattle, wa",3d,$129k - $174k (glassdoor est.)
harvard university,5.0,software engineer,"boston, ma",30d+,$89k - $125k (glassdoor est.)
brooks automation,3.0,software development engineer,"fremont, ca",4d,$165k - $190k (employer est.)
dlrdmv,3.5,software engineer,"dallas, tx",2d,$110k - $160k (employer est.)
movius interactive corporation,3.3,software engineer- frontend,"fremont, ca",1d,$61k - $110k (glassdoor est.)
state street,3.7,software engineer,"burlington, ma",3d,$94k - $154k (employer est.)
"sonalysts, inc.",3.8,junior software engineer,"waterford, ct",1d,$75k - $115k (employer est.)
"preco, llc",3.6,software engineer,"somerset, wi",4d,$62k - $106k (glassdoor est.)
healthstream,3.6,software developer,"nashville, tn",10d,$72k - $118k (glassdoor est.)
aptiv plc,4.0,software engineer,"troy, mi",30d+,$75k - $118k (glassdoor est.)
zipongo,3.8,software engineer - epic integrations,remote,30d+,$98k - $137k (glassdoor est.)
snowflake,3.7,software engineer - snowpark,"bellevue, wa",2d,$113k - $150k (employer est.)
staffed4u,4.2,software engineer (level 0 - level ii),"annapolis junction, md",10d,$110k - $140k (employer est.)
honeycomb.io,4.2,midlevel site reliability engineer,united states,10d,$141k - $179k (employer est.)
topaz labs,3.8,"software engineer, infrastructure","dallas, tx",8d,$77k - $136k (glassdoor est.)
weg electric corp,4.3,software engineer - wind,"barre, vt",6d,$80k (employer est.)
brown and caldwell,4.3,software engineer,"atlanta, ga",3d,$79k - $126k (glassdoor est.)
vertafore,3.7,software engineer ii,"melville, ny",2d,$87k - $119k (glassdoor est.)
"aerodyne industries, llc",3.1,simulation software engineer (adv00095i),"kennedy sp ct, fl",1d,$72k - $94k (glassdoor est.)
kairos inc,3.5,software engineer,"dahlgren, va",16d,$6k - $7k (employer est.)
topaz labs,3.7,senior software engineer - photo ai,"dallas, tx",30d+,$68k - $106k (glassdoor est.)
s3,3.8,software engineer- 826245,"stennis space center, ms",20d,$56k - $88k (glassdoor est.)
"j. paul getty trust, the",4.1,software engineer sr,"los angeles, ca",30d+,$72k - $113k (glassdoor est.)
topaz labs,3.4,software engineer - ml performance / hpc,"dallas, tx",30d+,$90k - $119k (glassdoor est.)
rover.com,3.2,"senior software engineer, orders team","seattle, wa",25d,$101k - $135k (glassdoor est.)
university of oregon,3.8,research software engineer,"eugene, or",2d,$155k - $180k (employer est.)
dōterra international,4.0,software engineer ii,utah,12d,$85k - $114k (glassdoor est.)
ahu technologies,4.6,software engineer,"newark, de",12d,$130k - $160k (employer est.)
alstom,3.4,software engineer,"pittsburgh, pa",2d,$160k - $250k (employer est.)
jack henry & associates,2.9,software release engineer,united states,8d,$100k (employer est.)
ispa technology,3.0,junior software systems engineer,"washington, dc",23d,$120k - $150k (employer est.)
"universal health services, inc. - corporate office",3.4,associate software engineer - data analytics,"king of prussia, pa",30d+,$96k - $146k (glassdoor est.)
relias,3.8,associate software engineer,"morrisville, nc",4d,$107k - $144k (glassdoor est.)
tickrs clearing,3.1,software engineer,"irvine, ca",2d,$138k - $189k (glassdoor est.)
ctc group,4.8,software engineer,"fort meade, md",30d+,$78k - $118k (glassdoor est.)
gotab inc,3.5,jr. deployment engineer,"arlington, va",10d,$113k - $139k (glassdoor est.)
ilogic inc,3.5,software developers,township of hamilton,30d+,$80.00 per hour (employer est.)
csx,3.8,software engineer ii - service now,"jacksonville, fl",23d,$70k - $109k (glassdoor est.)
synergy ecp,4.4,junior software engineer,"fort meade, md",2d,$73k - $117k (glassdoor est.)
m&t bank,5.0,software engineer iii,"wilmington, de",30d+,$62k - $107k (glassdoor est.)
cardlytics,5.0,software engineer iii,"menlo park, ca",18d,$124k - $169k (glassdoor est.)
"stefanini, inc",3.8,aws cloud engineer,"richmond, va",1d,$96k - $117k (employer est.)
innovative systems,3.8,c software engineer,"pittsburgh, pa",9d,$84k - $140k (glassdoor est.)
parabola,3.8,"software engineer, full stack",united states,8d,$66k - $94k (glassdoor est.)
vibrint,3.5,software engineer i (python developer),united states,11d,$70k - $120k (employer est.)
millennium management,4.2,front end engineer,united states,4d,$78k - $126k (employer est.)
sagitec,3.9,software engineer,"saint paul, mn",2d,$165k - $209k (employer est.)
innovien solutions,3.3,sr. software engineer,"atlanta, ga",6d,$116k - $150k (employer est.)
ocean power technologies inc,3.8,software engineer,united states,2d,$107k - $192k (employer est.)
riverside research institute,4.8,software engineer,"fairborn, oh",3d,$79k - $120k (glassdoor est.)
staffed4u,5.0,java software engineer,"annapolis junction, md",30d+,$94k - $153k (employer est.)
uber freight,5.0,software engineer ii,"chicago, il",1d,$84k - $129k (glassdoor est.)
snowflake,4.1,software engineer - database engineering,"bellevue, wa",4d,$82k - $129k (glassdoor est.)
likewize,4.0,jr devops engineer,"dallas, tx",2d,$61k - $104k (glassdoor est.)
massmutual ascend,4.0,senior software engineer ii,"cincinnati, oh",19d,$182k - $244k (employer est.)
washington dc government,4.7,react developer,remote,2d,$96k - $116k (employer est.)
anavation,3.7,software developer,"quantico, va",3d,$68k - $136k (employer est.)
3r info,3.9,software engineer,"canton, mi",30d+,$93k - $132k (glassdoor est.)
strategic mission elements,3.5,software developer (typescript/javascript),"chantilly, va",26d,$77k - $125k (glassdoor est.)
"ipsecure, inc.",3.9,senior software engineer,"patrick afb, fl",4d,$52k - $200k (employer est.)
relx,3.2,software engineer ii,georgia,2d,$81k - $118k (glassdoor est.)
solventum,3.6,software engineer - front-end (solventum),"maplewood, mn",3d,$128k - $192k (employer est.)
focus technology solutions inc,3.0,cloud engineer,"boston, ma",4d,$150k - $225k (employer est.)
two six technologies,4.1,software engineer,"warrenton, va",17d,$50.00 per hour (employer est.)
"adams, inc.",3.2,software engineer,tennessee,4d,$85k - $120k (employer est.)
cps insurance services,3.4,junior software developer,"phoenix, az",1d,$192k - $245k (employer est.)
cephas,3.1,software engineer,"melbourne, fl",4d,$114k - $182k (employer est.)
chubb,3.4,software engineer - java springboot (dt),"whitehouse station, nj",3d,$102k - $134k (glassdoor est.)
uber freight,3.6,software engineer iii - mobile (multiple openings),"san francisco, ca",9d,$101k - $160k (employer est.)
consumers energy,4.8,assoc software engineer,"jackson, mi",6d,$90k - $124k (glassdoor est.)
u.s. bank national association,3.4,senior software engineer,"hopkins, mn",1d,$88k - $128k (glassdoor est.)
medimpact healthcare systems,3.5,software engineer iv,"san diego, ca",30d+,$83k - $131k (glassdoor est.)
imc financial markets,3.1,graduate software engineer,"chicago, il",17d,$70k - $90k (employer est.)
truveta,4.0,software engineer - normalization,"seattle, wa",3d,$164k - $182k (employer est.)
"signature science, llc",4.2,software engineer,"egg harbor township, nj",23d,$73k - $92k (employer est.)
jyg innovations,4.1,web developers,"frederick, md",2d,$108k - $200k (employer est.)
vensit,3.5,software engineer,"sayreville, nj",30d+,$123k - $160k (glassdoor est.)
independent software,3.9,software engineer - apprentice,united states,17d,$112k - $141k (glassdoor est.)
"visionist, inc.",3.5,junior software engineer,"fort meade, md",10d,$101k - $160k (employer est.)
ncr,3.1,software dev ops engineer ii,indiana,3d,$69k - $143k (employer est.)
clearwater analytics,3.6,senior software development engineer,"seattle, wa",9d,$120k - $140k (employer est.)
"technical intelligence solutions, llc",3.0,software engineer,"crystal city, va",2d,$68k - $120k (glassdoor est.)
cvs health,3.8,associate software development engineer - colleague experience,"woonsocket, ri",29d,$104k - $136k (glassdoor est.)
"delta defense, llc",3.9,"associate engineer, analytics","west bend, wi",2d,$82k - $115k (glassdoor est.)
koalafi,3.2,backend software engineer,"richmond, va",13d,$161k - $239k (employer est.)
intel,4.1,ai research engineer,arizona,17d,$107k - $150k (employer est.)
no.inc,5.0,software engineer,"baltimore, md",5d,$91k - $122k (glassdoor est.)
f5,3.5,software engineer iii,"seattle, wa",30d+,$103k - $144k (glassdoor est.)
arcadia science,3.3,"software engineer, product","berkeley, ca",6d,$80k - $100k (employer est.)
artint knowledge tech,3.5,firmware (linux) dev i,remote,5d,$100k - $128k (employer est.)
castellum inc,4.1,software engineer,"patuxent river, md",30d+,$90k - $180k (employer est.)
instacart,3.7,"senior software engineer, core experiences",remote,12d,$110k - $130k (employer est.)
walgreens,4.4,software engineer (rxr),"deerfield, il",1d,$76k - $121k (glassdoor est.)
duquesne light,3.6,software engineer iii,"pittsburgh, pa",16d,$88k - $111k (employer est.)
super micro computer,3.0,software engineer,"san jose, ca",30d+,$73k - $116k (glassdoor est.)
ucare,4.4,software engineer senior â€“ azure,"minneapolis, mn",19d,$182k - $273k (employer est.)
cybercore technologies,2.6,software engineer 0,"annapolis junction, md",9d,$85k - $113k (glassdoor est.)
coinflip,3.5,aws devops engineer,"chicago, il",25d,$65k - $95k (employer est.)
bi labs,4.1,software developers (021),"plainsboro, nj",30d+,$109k - $168k (employer est.)
sahbi systems,4.1,software engineers,alabama,18d,$80k - $99k (glassdoor est.)
cultura technologies inc,4.4,sr software engineer,remote,1d,$104k - $153k (glassdoor est.)
excelacom,4.0,devops engineer,"denver, co",3d,$78k - $129k (glassdoor est.)
cityblock health,4.1,senior software engineer,new york state,9d,$82k - $118k (glassdoor est.)
rocket software,4.3,machine learning software engineer,massachusetts,3d,$138k - $294k (employer est.)
huntington ingalls industries inc.,3.3,software engineer (hybrid) - 19943,"columbia, md",11d,$136k - $187k (glassdoor est.)
intuitive machines llc,3.8,research software engineer,"houston, tx",10d,$295k - $440k (employer est.)
equifax,4.4,software engineer - career,"alpharetta, ga",3d,$95k - $146k (glassdoor est.)
super micro computer,4.0,software engineer,"san jose, ca",19d,$117k - $161k (employer est.)
akamai,4.0,software engineer - remote,united states,9d,$173k (employer est.)
mailprotector,4.6,software engineer,remote,2d,$50.00 per hour (employer est.)
blockit now inc,3.8,elixir software engineer,"mckinney, tx",5d,$175k - $250k (employer est.)
tenica and associates llc,4.1,software systems engineer ts/sci ci poly,"las cruces, nm",5d,$55k - $140k (employer est.)
arch capital group ltd.,3.9,software engineer ii,"greensboro, nc",5d,$126k - $234k (employer est.)
lynker corporation,3.9,software engineer,"stennis space center, ms",30d+,$78k - $129k (employer est.)
youtube,3.2,"senior software engineer, full stack, youtube","new york, ny",1d,$75k - $102k (glassdoor est.)
perforce software,4.2,senior software engineer - us,remote,2d,$115k - $150k (employer est.)
world vision usa,3.8,sr. software engineer,united states,16d,$115k - $160k (employer est.)
featurespace,5.0,software engineer,"atlanta, ga",30d+,$82k - $92k (employer est.)
bigbear.ai,3.7,software engineer,"columbia, md",9d,$120k - $130k (employer est.)
"benistar administrative services, inc.",3.9,aws cloud engineer,"avon, ct",2d,$86k - $131k (glassdoor est.)
state of colorado job opportunities,4.7,cloud engineer (remote from anywhere in colorado),colorado,2d,$92k - $133k (glassdoor est.)
intellisource colorado llc,3.1,senior software engineer - enterprise people technology,"bentonville, ar",3d,$112k - $165k (glassdoor est.)
nbcuniversal,4.4,post software engineer,"englewood cliffs, nj",3d,$145k - $162k (employer est.)
artera technologies,4.4,cloud software engineers,united states,6d,$147k - $189k (employer est.)
thompson gray inc.,4.7,engineer (software),redstone arsenal,30d+,$72k - $159k (employer est.)
origence,4.0,software engineer - cudl modernization,remote,1d,$79k - $111k (glassdoor est.)
medius,3.6,software engineer,"jacksonville, fl",30d+,$115k - $161k (employer est.)
f5,3.8,principal software engineer,"seattle, wa",4d,$82k - $102k (employer est.)
cnh industrial,3.8,software engineer ii,remote,2d,$86k - $136k (glassdoor est.)
fusion plus solutions inc.,3.7,software engineers,"edison, nj",30d+,$170k - $200k (employer est.)
university of florida,3.2,software engineer i/ii,florida,16d,$90k - $116k (glassdoor est.)
northwestern mutual,3.8,software engineer,"franklin, wi",4d,$114k - $152k (glassdoor est.)
vibrint,3.8,software engineer i,"annapolis junction, md",30d+,$80k - $120k (employer est.)
hubbell incorporated,3.4,sr assoc software engineer,"avon, ct",1d,$95k - $126k (glassdoor est.)
valkyrie enterprises,3.8,junior computer/software engineer (job id: 3433),"huntsville, al",23d,$138k - $178k (employer est.)
two six technologies,4.5,software engineer,"herndon, va",30d+,$61k - $147k (employer est.)
decision six,3.6,software engineer,united states,5d,$124k - $211k (employer est.)
microsoft,4.4,software engineer,"redmond, wa",4d,$90k - $117k (glassdoor est.)
ateliere creative technologies,4.1,senior devops engineer - los angeles,"los angeles, ca",2d,$98k - $209k (employer est.)
openai,3.1,"software engineer, hardware health","san francisco, ca",5d,$78k - $121k (glassdoor est.)
two six technologies,2.7,software engineer,"tysons corner, va",17d,$100k - $165k (employer est.)
splunk,3.5,software engineer (us remote available),remote,3d,$125k (employer est.)
sasken,4.1,software engineer,united states,6d,$71k - $112k (glassdoor est.)
realmone,3.8,software engineer,united states,5d,$95k - $152k (employer est.)
the wolf works llc,4.4,node js,"austin, tx",2d,$86k - $105k (glassdoor est.)
millennium management,3.8,software engineer - c#,"new york, ny",30d+,$135k - $216k (employer est.)
"aflac, incorporated",4.0,software engineer iii,remote,1d,$93k - $112k (employer est.)
ringcentral,3.9,software engineer,"belmont, ca",24d,$104k - $161k (glassdoor est.)
dallas area rapid transit,3.7,software engineer-bi,"dallas, tx",30d+,$77k - $121k (glassdoor est.)
w r systems,3.5,software engineer,"dahlgren, va",4d,$95k - $134k (glassdoor est.)
"carecraft, inc",3.7,software engineer,"carlsbad, ca",10d,$125k - $178k (employer est.)
specialt tech,3.1,cloud engineer manager,remote,25d,$76k - $108k (glassdoor est.)
"hottinger, bruel & kjaer",4.5,software engineer,"pompano beach, fl",30d+,$77k - $116k (glassdoor est.)
"cps solutions, llc",4.1,devops engineer,united states,3d,$82k - $106k (glassdoor est.)
northwestern memorial healthcare,4.2,software developers,"chicago, il",10d,$86k - $120k (glassdoor est.)
the swift group,4.1,software engineer,"columbia, md",30d+,$96k - $146k (employer est.)
asus computer international,4.9,software engineer - ai,"hillsboro, or",30d+,$96k - $137k (glassdoor est.)
persistent systems,4.6,workday software engineer,united states,9d,$141k - $239k (employer est.)
cedar inc,3.3,software engineer ii (communications platform),"new york, ny",20d,$108k - $140k (employer est.)
salesforce,3.1,software engineering mts,"san francisco, ca",3d,$40.00 - $55.00 per hour (employer est.)
cvs health,2.4,"software developer - c#, .net","scottsdale, az",3d,$108k - $195k (employer est.)
nautilus hyosung america inc,3.1,software engineer,"irving, tx",3d,$111k - $184k (employer est.)
blue origin,4.4,embedded flight software engineer – new glenn,"seattle, wa",2d,$189k - $284k (employer est.)
west bend insurance company,4.9,software engineer,"west bend, wi",1d,$79k - $109k (glassdoor est.)
jbt corporation,4.1,software engineer c#,"chalfont, pa",15d,$94k - $129k (glassdoor est.)
cedar inc,3.1,software engineer iii (payment workflows),"new york, ny",19d,$56k - $83k (glassdoor est.)
allied business consulting,3.8,software developers,"somerset, nj",13d,$202k - $290k (employer est.)
"chick-fil-a, inc.",2.3,senior software engineer - backend development,"atlanta, ga",11d,$70k - $103k (glassdoor est.)
"us amr-jones lang lasalle americas, inc.",3.8,software engineering,"san francisco, ca",2d,$86k - $121k (glassdoor est.)
smart ims,3.8,software engineer,"austin, tx",30d+,$74k - $107k (glassdoor est.)
clearwater analytics,4.7,software development engineer,"san jose, ca",30d+,$81k - $113k (glassdoor est.)
paypal,3.9,"software engineer, backend","san jose, ca",2d,$72k - $119k (glassdoor est.)
walgreens,4.6,principal software engineer,"bellevue, wa",1d,$90k - $125k (glassdoor est.)
the swift group,3.7,software engineer,"mclean, va",18d,$80k - $150k (employer est.)
hewlett packard,3.5,software engineer,"spring, tx",10d,$72k - $144k (employer est.)
microsoft,4.0,software engineer,"redmond, wa",5d,$70k - $95k (employer est.)
new river systems corporation,4.4,sharepoint software systems engineer,remote,17d,$100k - $140k (employer est.)
"modern technology solutions, inc.",4.6,software engineer - associate,"chantilly, va",11d,$124k - $234k (employer est.)
pqsecure technologies,3.7,hardware/software engineer,"boca raton, fl",30d+,$88k - $119k (glassdoor est.)
ispa technology,4.4,mid to senior level software engineer,"san diego, ca",19d,$123k - $198k (employer est.)
onmed,5.0,site reliability engineer,"tampa, fl",23d,$158k - $176k (employer est.)
grote industries,4.2,networks - embedded software engineer,"madison, in",3d,$160k - $180k (employer est.)
walgreens,3.9,devops engineer,"deerfield, il",24h,$87k - $119k (glassdoor est.)
cloud software group,4.5,software engineer,"naperville, il",12d,$97k - $145k (employer est.)
walgreens,4.6,"senior software engineer (full-stack, java, javascript)","bellevue, wa",30d+,$89k - $139k (glassdoor est.)
nationmind infoservices pvt ltd,3.6,software engineer,florida,16d,$53k - $103k (employer est.)
arrowstreet capital,3.4,fullstack software engineer,"boston, ma",30d+,$129k - $228k (employer est.)
favorited,4.8,full stack engineer,"santa monica, ca",2d,$150k - $250k (employer est.)
strategic thermal labs,2.5,software engineer,"georgetown, tx",11d,$116k - $163k (glassdoor est.)
idolsoft,3.3,software developer,"irving, tx",30d+,$104k - $127k (glassdoor est.)
bi labs,3.1,software developers (834),"plainsboro, nj",30d+,$53k - $96k (employer est.)
verily,3.5,"software engineer, enterprise frontend","san bruno, ca",30d+,$60k - $90k (employer est.)
colonial pipeline company,4.4,software engineer,"alpharetta, ga",30d+,$143k - $191k (employer est.)
leader communications inc,4.2,software engineer,"hill afb, ut",26d,$142k - $162k (employer est.)
ucare,3.3,software engineer sr. â€” net,"minneapolis, mn",12d,$89k - $129k (glassdoor est.)
cliftonlarsonallen,4.8,devops engineer,"minneapolis, mn",11d,$94k - $156k (employer est.)
two six technologies,3.9,software engineer associate manager - national general,remote,4d,$80k - $148k (glassdoor est.)
bae systems,3.9,software engineer,"herndon, va",30d+,$62k - $105k (employer est.)
nodal exchange,3.5,software engineer (expert),"herndon, va",30d+,$81k - $164k (employer est.)
gomez & companies,3.5,software engineer (mid-level),united states,9d,$98k - $145k (glassdoor est.)
"t-mobile usa, inc.",3.7,full stack software engineer & api developer,"canoga park, ca",1d,$157k - $207k (employer est.)
m&t bank,3.5,sr software engineer - data,"bellevue, wa",3d,$133k - $143k (employer est.)
pressco technology,4.5,"api services - senior software engineer - java, spring boot","buffalo, ny",10d,$79k - $159k (employer est.)
youtube,3.8,software integration & test engineer,"solon, oh",3d,$132k - $190k (glassdoor est.)
ispa technology,4.2,"staff software engineer, machine learning, youtube music","new york, ny",1d,$90k - $143k (glassdoor est.)
scentsy inc,4.0,mid-level software systems engineer,united states,23d,$101k - $187k (employer est.)
stratascorp,3.5,software engineer,"meridian, id",5d,$58k - $103k (glassdoor est.)
3r info,3.8,software engineer,"arlington, va",4d,$125k - $200k (employer est.)
toyota research institute,4.1,software engineer in testing,"canton, mi",30d+,$168k (employer est.)
gelber group,5.0,senior software engineer,"los altos, ca",9d,$110k - $143k (glassdoor est.)
"peopletec, inc.",3.5,software engineer- executions team,"chicago, il",20d,$80.00 - $85.00 per hour (employer est.)
ingrain systems inc.,3.9,software engineer,"jamesburg, nj",20d,$95k - $125k (glassdoor est.)
carrier,4.7,software developers,"sherman, tx",30d+,$92k - $158k (employer est.)
ncr,4.2,software engineer,"charlotte, nc",3d,$147k - $180k (employer est.)
anavation,3.5,software engineer iv - java fullstack,indiana,30d+,$75k - $102k (glassdoor est.)
soar technology,3.5,mid-level software engineer – hybrid!,"quantico, va",30d+,$60k - $112k (employer est.)
red ventures,3.1,autonomy software engineer,"ann arbor, mi",2d,$108k - $151k (glassdoor est.)
cvs health,4.1,software engineer | the points guy,"san juan, pr",2d,$123k - $196k (employer est.)
"messenger, llc",4.4,software development itam engineer,"lansing, mi",5d,$116k - $166k (glassdoor est.)
nelnet,3.5,software developer,"auburn, in",3d,$59k - $107k (glassdoor est.)
slate magazine,4.8,it software engineer- nbs,"lincoln, ne",24d,$104k - $163k (glassdoor est.)
adobe,3.5,software engineer,"washington, dc",30d+,$68k - $80k (employer est.)
airgas,4.1,software engineer,"lehi, ut",12d,$83k - $107k (glassdoor est.)
umbra,3.9,firmware engineer,"cheshire, ct",2d,$109k - $209k (employer est.)
uber,3.8,senior software engineer,"santa barbara, ca",5d,$97k - $197k (employer est.)
collaborative robotics,3.7,software engineer ii - uber eats,"san francisco, ca",27d,$57k - $96k (glassdoor est.)
werfen,3.3,"software engineer, robotics","santa clara, ca",8d,$98k - $145k (glassdoor est.)
snapchat,4.3,"software development engineer in test, digital solutions","bedford, ma",19d,$66k - $90k (glassdoor est.)
"canon medical research usa, inc",3.7,"c++ graphics engineer, 1+ years of experience","new york, ny",2d,$55.00 - $60.00 per hour (employer est.)
raytheon,4.0,software engineer,"cambridge, ma",2d,$79k - $168k (employer est.)
snapchat,3.8,junior software engineer,"annapolis junction, md",6d,$102k - $174k (employer est.)
hudson river trading,3.9,"software engineer, c++, 3+ years of experience","los angeles, ca",4d,$73k - $108k (glassdoor est.)
whisker,4.3,systems software engineer,"new york, ny",30d+,$110k - $190k (employer est.)
mastercard,3.1,senior software engineer,"auburn hills, mi",30d+,$94k - $137k (glassdoor est.)
savannah river mission completion,3.6,software engineer ii,"o fallon, mo",8d,$89k - $113k (glassdoor est.)
mill-max,3.8,associate software developer,"aiken, sc",9d,$80k - $100k (employer est.)
disney entertainment & espn technology,3.8,software engineer trainee,"oyster bay, ny",24d,$128k - $179k (glassdoor est.)
coca-cola,4.2,sr software engineer,"seattle, wa",1d,$74k - $125k (glassdoor est.)
kaleido,4.1,staff software engineer,"atlanta, ga",4d,$90k - $187k (employer est.)
m&t bank,3.7,full stack engineer,"raleigh, nc",5d,$143k - $256k (employer est.)
lufburrow & co,3.4,"software engineer - api, java, spring boot","buffalo, ny",30d+,$114k - $145k (glassdoor est.)
boost tech,4.1,software engineer - hybrid,"havre de grace, md",30d+,$101k - $155k (glassdoor est.)
bae systems,3.9,senior software engineer (crm),remote,2d,$84k - $128k (glassdoor est.)
vantaca,4.5,test software engineer,"nashua, nh",4d,$100.00 per hour (employer est.)
veracity engineering,4.6,software engineer (multiple openings),"fort collins, co",18d,$99k - $137k (glassdoor est.)
applovin,4.7,software engineer,"washington, dc",5d,$15.69 per hour (employer est.)
m&t bank,4.1,"software engineer ii, c++ backend","palo alto, ca",5d,$141k - $211k (employer est.)
cvs health,4.2,software engineer ii,"wilmington, de",30d+,$76k - $128k (employer est.)
microsoft,4.1,junior software developer (java & azure cloud),"woonsocket, ri",2d,$93k - $129k (glassdoor est.)
honda research institute usa,4.2,senior software engineer,"boston, ma",30d+,$86k - $145k (glassdoor est.)
activision,4.0,software engineer for mobile robots,"san jose, ca",13d,$67k - $112k (glassdoor est.)
thatgamecompany,3.6,senior software engineer,"santa monica, ca",9d,$116k - $150k (employer est.)
bny mellon,4.0,build engineer,california,4d,$85k - $115k (employer est.)
recruiting from scratch,3.6,"vice president, back-end engineer i","lake mary, fl",2d,$90k - $115k (glassdoor est.)
"akina, inc.",3.9,founding software engineer,"san francisco, ca",3d,$92k - $156k (employer est.)
vonnen,4.8,software engineer - 1 (kubernetes/python),"annapolis junction, md",18d,$150k - $200k (employer est.)
capgemini,4.5,software engineer,"santa clara, ca",9d,$95k - $147k (glassdoor est.)
"stefanini, inc",3.6,software engineer - redis,"irving, tx",2d,$102k - $148k (glassdoor est.)
infosys,4.7,software engineer,"dearborn, mi",25d,$40.00 - $60.00 per hour (employer est.)
"link, llc",4.9,release engineer,"chicago, il",9d,$86k - $109k (glassdoor est.)
autodesk,3.9,"golang software engineer (vista bighitter), bs+7, telework","annapolis junction, md",11d,$87k - $125k (glassdoor est.)
bct llc,3.9,"software development engineer, platform services",oregon,6d,$75.00 - $80.00 per hour (employer est.)
jpmorgan chase & co,4.8,software engineer (id),united states,4d,$142k - $183k (employer est.)
wr systems,4.2,software engineer,"jersey city, nj",2d,$77k - $125k (glassdoor est.)
acuity brands,3.5,software engineer,"dahlgren, va",3d,$162k - $244k (employer est.)
cisco systems,4.1,software engineer,"conyers, ga",3d,$85k - $104k (glassdoor est.)
walgreens,3.3,software qa engineer,"san jose, ca",12d,$140k - $145k (employer est.)
"vivint, inc.",3.8,senior software engineer,"deerfield, il",2d,$95k - $130k (glassdoor est.)
caelum research corporation,4.1,sr. software engineer,"lehi, ut",4d,$90k - $150k (employer est.)
oracle,4.5,software engineer,"carlisle, pa",22d,$140k - $150k (employer est.)
fidelity investments,3.8,software developer,"redwood city, ca",24h,$183k - $297k (employer est.)
colorado state university,4.5,cloud engineer,"westlake, tx",9d,$120k - $140k (employer est.)
bayer,2.3,application programmer analyst/developer i,"fort collins, co",5d,$97k - $129k (glassdoor est.)
usaa,3.9,software engineer ii,"indianola, pa",12d,$50k - $90k (employer est.)
accenture federal services,3.1,senior react/javascript software engineer,"san antonio, tx",1d,$74k - $122k (employer est.)
gundersen health system,5.0,software engineer,"lorton, va",13d,$85k - $150k (employer est.)
"jrc integrated systems, llc",3.9,software engineer | front end developer,"onalaska, wi",30d+,$82k - $114k (glassdoor est.)
xl softek,3.9,software engineer,"washington, dc",11d,$107k - $150k (employer est.)
kasmo cloud solutions,4.0,software engineers,"suwanee, ga",30d+,$215k - $220k (employer est.)
"icr, inc.",4.2,software engineer,"carol stream, il",5d,$90k - $180k (employer est.)
workday,4.0,"software engineer - front end (dashboard) - aurora, co","aurora, co",30d+,$130k - $160k (employer est.)
360care,3.0,"sr associate software engineer, database as a service","atlanta, ga",5d,$75k - $126k (glassdoor est.)
amex,3.5,software engineer,"louisville, ky",30d+,$79k - $119k (glassdoor est.)
dkw communications,3.5,senior engineer - java - go2 unify,"sunrise, fl",30d+,$125k - $150k (employer est.)
"sick, inc.",4.1,senior software engineer,"point mugu nawc, ca",4d,$77k - $102k (glassdoor est.)
antithesis,3.2,software engineer ii,"minneapolis, mn",3d,$102k - $138k (glassdoor est.)
rekuten global,3.9,junior ruby on rails engineer,remote,3d,$115k - $155k (glassdoor est.)
tencent,4.0,senior software engineer,"vienna, va",2d,$84k - $132k (glassdoor est.)
realmone,4.1,software engineer,"beloit, wi",30d+,$80.00 per hour (employer est.)
zoox,4.1,security software engineer i,"palo alto, ca",6d,$80k - $108k (glassdoor est.)
cybercore technologies,4.3,software engineer 1,maryland,30d+,$148k - $230k (employer est.)
synergy ecp,4.1,"software engineer, workflow orchestration","foster city, ca",30d+,$81k - $101k (glassdoor est.)
innovative defense technologies (idt),3.9,software engineer 3,"annapolis junction, md",19d,$65k - $112k (glassdoor est.)
veterans engineering incorporated,4.1,backend python software engineer,"annapolis junction, md",30d+,$88k - $117k (glassdoor est.)
solvere technical group,3.6,software engineer,"fall river, ma",30d+,$10k - $20k (employer est.)
"iralogix,inc",3.9,cloud engineer,united states,10d,$111k - $153k (glassdoor est.)
nava,3.8,software engineer,"indian head, md",2d,$91k - $126k (glassdoor est.)
f5,3.6,senior software engineer,"pittsburgh, pa",4d,$125k - $140k (employer est.)
bae systems,4.5,sr. software engineer,remote,2d,$66k - $116k (glassdoor est.)
synergy ecp,3.4,software engineer iii,"san jose, ca",19d,$108k - $146k (glassdoor est.)
ge healthcare,4.0,"engineer, junior software","lexington park, md",30d+,$90k - $130k (employer est.)
tc energy,2.4,software engineer,"annapolis junction, md",30d+,$80k - $90k (employer est.)
principal financial group,4.3,"senior software engineer (hybrid, onsite)","milwaukee, wi",3d,$86k - $119k (glassdoor est.)
schlumberger,3.4,new engineer-in-training (net) rotational program,"houston, tx",6d,$120k - $250k (employer est.)
jbt corporation,4.6,back end software engineer,"houston, tx",9d,$55k - $90k (employer est.)
flash technology group,4.2,software engineer,"san mateo, ca",30d+,$84k - $157k (employer est.)
innovative defense technologies (idt),3.7,devops engineer,"chalfont, pa",30d+,$96k - $128k (glassdoor est.)
fairfax county public schools,4.2,software engineer i,"laurel, md",30d+,$106k - $125k (employer est.)
scholarly,4.5,software engineer,united states,5d,$81k - $123k (glassdoor est.)
innovative defense technologies (idt),3.0,software engineer (one year only),"wilton woods, va",30d+,$92k - $131k (glassdoor est.)
burst inc.,2.0,software engineer,"seattle, wa",9d,$115k - $166k (glassdoor est.)
usn technical associates,3.9,devsecops software engineer,"fall river, ma",5d,$113k - $161k (glassdoor est.)
snc,2.8,video software engineer,"lexington, ma",11d,$160k - $385k (employer est.)
decision six,4.1,contract software engineer,"los angeles, ca",5d,$62k - $102k (glassdoor est.)
laiba technologies,4.4,software engineer ii,"southern pines, nc",1d,$73k - $110k (glassdoor est.)
teamups,4.4,devops engineer,"newtown square, pa",5d,$200k - $370k (employer est.)
delta dental ins.,4.0,do178c software engineer,"everett, wa",30d+,$93k - $147k (glassdoor est.)
valkyrie enterprises,4.1,senior software engineer,"seattle, wa",30d+,$69k - $107k (glassdoor est.)
uipath,3.7,expert software engineer,"alpharetta, ga",1d,$50k - $60k (employer est.)
atlas copco tools & assembly systems llc,3.7,software engineer (job id:3425),"huntsville, al",27d,$70k - $108k (glassdoor est.)
anb sourcing llc,3.8,senior software engineer,"bellevue, wa",9d,$102k - $134k (glassdoor est.)
mcintire solutions,4.5,software engineer,"auburn hills, mi",13d,$103k - $133k (glassdoor est.)
pennymac,4.6,azure devops engineer || full time job.,remote,2d,$50.00 per hour (employer est.)
literati,3.7,software systems engineer/devops engineer,"chantilly, va",18d,$84k - $110k (glassdoor est.)
"rochester software associates, inc.",4.1,clojure software engineer,"agoura hills, ca",4d,$66k - $94k (glassdoor est.)
plaid,3.7,wordpress full stack engineer (react),texas,1d,$102k - $149k (glassdoor est.)
tigergraph,3.9,c# software developer,united states,10d,$187k - $197k (employer est.)
"garmin international, inc.",3.7,experienced software engineer - scaled access,"new york, ny",30d+,$70k - $96k (glassdoor est.)
resilio inc.,4.4,software engineer,"redwood city, ca",5d,$100k - $110k (employer est.)
candid,3.7,software certification engineer 1 - software quality,"salem, or",25d,$83k - $116k (glassdoor est.)
amex,4.3,technical support engineer (endpoint software),virginia,9d,$100k - $250k (employer est.)
radiance technologies,4.4,ecosystems software engineer,united states,17d,$100k - $115k (employer est.)
fabletics,3.6,engineer,"phoenix, az",2d,$64k - $101k (glassdoor est.)
delta dental ins.,3.7,r&d software engineer,"stennis space center, ms",30d+,$66k - $68k (employer est.)
fractal analytics,4.1,sr. software engineer,california,24d,$79k - $117k (glassdoor est.)
microchip technology,2.4,expert software engineer,"oakland, ca",1d,$140k (employer est.)
york space systems,4.2,software development engineer,california,30d+,$118k - $169k (glassdoor est.)
software productivity strategists,3.3,sr. full stack software engineer,"greenwood village, co",3d,$130k - $270k (employer est.)
neuropace,4.2,software engineer,"lincoln, ne",30d+,$110k - $157k (employer est.)
oceanfrogs,2.5,software engineer,"rockville, md",30d+,$93k - $130k (glassdoor est.)
"iconectiv, llc.",3.5,full stack software engineer,"mountain view, ca",7d,$120k - $140k (employer est.)
the aerospace corporation,3.9,full stack software developer,"duluth, ga",30d+,$94k - $160k (employer est.)
fetch package,4.8,software engineer (oracle database expertise),"bridgewater, nj",4d,$101k - $144k (glassdoor est.)
zenith services,4.7,data engineer / software engineer,"chantilly, va",30d+,$108k - $156k (glassdoor est.)
matthews international corporation,3.9,lead front-end software engineer,"austin, tx",4d,$74k - $100k (glassdoor est.)
oracle,2.9,react native engineer,"bentonville, ar",30d+,$73k - $100k (glassdoor est.)
nvidia,4.0,software engineer,"apopka, fl",3d,$112k - $196k (employer est.)
pingwind,4.0,software developer,united states,1d,$98k - $137k (glassdoor est.)
versaterm,3.5,senior full-stack web applications software engineer,"santa clara, ca",1d,$80k - $94k (employer est.)
apollo technology solutions llc,4.3,software developer*,"scott air force base, il",9d,$89k - $130k (glassdoor est.)
navrit creation,3.6,software engineer,"lexington, sc",16d,$78k - $131k (glassdoor est.)
amazon.com services llc,5.0,sr. front end engineer (react),"charlotte, nc",2d,$65k - $107k (glassdoor est.)
schneider electric,3.6,freelance web developer,"colony, al",1d,$130k - $300k (employer est.)
akira technologies inc.,3.7,"software dev engineer, modeling software","boston, ma",10d,$66k - $98k (employer est.)
ctc group,4.2,systems application engineer ii - software,"secaucus, nj",1d,$153k - $225k (employer est.)
space coast intelligent solutions,3.9,servicenow software engineer,"washington, dc",9d,$69k - $103k (employer est.)
credo,3.9,python developer,"fort meade, md",6d,$83k - $114k (glassdoor est.)
9th networks inc,4.4,software engineer iv,"melbourne, fl",30d+,$107k - $174k (employer est.)
tuvoli,3.1,system software engineer,"san jose, ca",3d,$78k (employer est.)
walter p moore,4.1,go lang/platform engineer,"jersey city, nj",3d,$175k - $265k (employer est.)
linquest corporation,3.9,senior software engineer,massachusetts,16d,$53k - $107k (employer est.)
codesignal,3.8,front-end software developer,"washington, dc",17d,$60.00 - $80.00 per hour (employer est.)
hewlett packard,5.0,software engineer,"beavercreek, oh",30d+,$86k - $128k (glassdoor est.)
dupli envelope & graphics,4.8,"software engineer, innovation lab","san francisco, ca",18d,$165k - $215k (employer est.)
coinbase,4.2,software quality engineer,"fort collins, co",10d,$165k - $215k (employer est.)
lseg (london stock exchange group),4.0,software support engineer,"syracuse, ny",3d,$102k - $138k (glassdoor est.)
inabia software & consulting inc.,3.8,software engineer,remote,12d,$76k - $175k (employer est.)
pmall,4.5,full stack engineer,"washington, dc",30d+,$96k - $118k (employer est.)
alloy,4.0,software developer,"bellevue, wa",30d+,$86k - $129k (employer est.)
qinetiq us,3.9,front-end developer,"burr ridge, il",10d,$160k - $385k (employer est.)
caterpillar,4.0,solutions engineer,united states,3d,$184k - $337k (employer est.)
"jason pharmaceuticals, inc.",4.0,software engineer,"mclean, va",9d,$127k - $184k (employer est.)
intellibridge llc,3.6,software engineer,"peoria, il",2d,$79k - $130k (glassdoor est.)
snyk,3.4,sr software engineer,"lehi, ut",10d,$120k - $207k (employer est.)
openai,4.2,software engineer,"washington, dc",10d,$112k - $152k (employer est.)
vertex professional service llc,2.7,senior software engineer (typescript/go),"boston, ma",2d,$130k - $158k (glassdoor est.)
"decibel research, inc.",2.7,"software engineer, backend","san francisco, ca",5d,$103k - $172k (employer est.)
openai,4.4,"software engineer ii (insite) - ""w-trs""","orlando, fl",2d,$82k - $209k (employer est.)
comsol inc.,3.1,mid-level software engineer,"huntsville, al",25d,$116k - $174k (employer est.)
infosys,3.8,"full stack engineer, leverage engineering","san francisco, ca",6d,$130k - $165k (employer est.)
hero facility services,3.8,software developer – ray optics,"burlington, ma",4d,$150k - $185k (employer est.)
qed systems llc,3.9,junior python developer,"charlotte, nc",2d,$98k - $209k (employer est.)
kasasa,4.4,entry level developer,"melbourne, fl",3d,$102k - $204k (employer est.)
"delta air lines, inc.",3.7,software engineer,"aberdeen proving ground, md",30d+,$125k - $140k (employer est.)
han it,3.6,senior software engineer (hybrid),"austin, tx",11d,$108k - $216k (employer est.)
innovative solutions and support,3.9,software development engineer,"atlanta, ga",3d,$79k - $116k (glassdoor est.)
promega,4.8,python developer,"morris plains, nj",3d,$67k - $128k (employer est.)
revenue management solutions llc,3.7,software verification engineer,"exton, pa",12d,$129k - $162k (employer est.)
cityblock health,3.8,"software engineer, instrumentation","madison, wi",16d,$90k - $110k (employer est.)
astrion,3.7,devops engineer,"oklahoma city, ok",12d,$117k - $306k (employer est.)
diverse career solutions,3.4,staff software engineer,new york state,9d,$100k - $115k (employer est.)
synergy ecp,4.2,software developer,"eglin afb, fl",17d,$87k - $142k (glassdoor est.)
"icr, inc.",4.0,sr. software engineer,remote,3d,$92k - $132k (glassdoor est.)
broadridge,3.8,software engineer,"columbia, md",30d+,$105k - $160k (employer est.)
zurn elkay water solutions,5.0,"software systems engineer - mason, oh","mason, oh",30d+,$144k - $196k (glassdoor est.)
florida state college at jacksonville,4.2,deployment engineer (hybrid),"newark, nj",9d,$69k - $91k (glassdoor est.)
q9software,3.1,iot engineer,"milwaukee, wi",27d,$80k - $110k (employer est.)
jpmorgan chase & co,3.8,engineer iv software,"jacksonville, fl",27d,$100k - $153k (glassdoor est.)
the bank of new york mellon corporation,3.4,entry level to senior level software developers,"germantown, md",30d+,$170k - $200k (employer est.)
cisco systems,4.5,software engineer,"jersey city, nj",4d,$87k - $124k (glassdoor est.)
grand canyon education,4.0,2025 bny summer internship program - engineering (developer),"pittsburgh, pa",6d,$185k - $206k (employer est.)
captivation software,3.3,software engineer,"san jose, ca",30d+,$80k - $133k (employer est.)
docusign,4.6,jr. developer,"phoenix, az",3d,$90k - $127k (glassdoor est.)
"canon medical research usa, inc.",3.6,software engineer 0 - java/react/docker/aws,"annapolis junction, md",30d,$108k - $199k (employer est.)
standard bots,2.5,ai saas engineer,"san francisco, ca",1d,$62k - $102k (glassdoor est.)
american agcredit,4.1,software engineer,"boston, ma",1d,$85k - $104k (glassdoor est.)
kapsch,4.0,software quality engineer,"glen cove, ny",11d,$73k - $127k (employer est.)
prevail,3.9,devops engineer,remote,2d,$100k - $140k (glassdoor est.)
dcs corp,4.8,software engineer,"chantilly, va",30d+,$160k - $194k (employer est.)
consensus health,3.9,software engineer video,"san francisco, ca",5d,$107k - $145k (glassdoor est.)
rippling,4.2,software engineer,"dayton, oh",3d,$74k - $131k (glassdoor est.)
aci worldwide,4.0,associate software engineer,"lenexa, ks",5d,$240k (employer est.)
"engineering technology associates, inc.",5.0,full stack engineer ii (frontend) - benefits,"san francisco, ca",2d,$16.00 - $46.00 per hour (employer est.)
fusion innovation,5.0,software engineer - hybrid,"norcross, ga",3d,$70k - $120k (employer est.)
"clarity innovations, llc",4.1,software test engineer,"dearborn, mi",1d,$160k - $225k (employer est.)
ripplematch opportunities,3.9,software engineer,"herndon, va",30d+,$99k - $134k (glassdoor est.)
power3 solutions and partnering companies,3.5,jr. java software engineer (swe1) (pp) 228,"annapolis junction, md",30d+,$102k - $143k (glassdoor est.)
datadog,3.9,"imc - software engineer, application via ripplematch","chicago, il",4d,$150k - $240k (employer est.)
paccar,4.2,python engineer,"annapolis junction, md",10d,$160k - $170k (employer est.)
front,4.1,senior software engineer - frontend - sheets,united states,11d,$144k - $200k (employer est.)
northrop grumman,4.1,vehicle software and diagnostics tool test engineer,"mount vernon, wa",4d,$110k - $120k (employer est.)
pegasystems,4.1,"backend software engineer, deliverability","san francisco, ca",4d,$165k - $211k (employer est.)
lawrence berkeley national laboratory,3.6,2024 associate software engineer - linthicum md,"linthicum, md",1d,$92k - $116k (glassdoor est.)
cargill,3.5,"associate software engineer, services engineering","waltham, ma",3d,$65.00 per hour (employer est.)
zoox,3.9,optimization software engineer,"san francisco, ca",30d+,$66k - $132k (employer est.)
globalfoundries,3.7,"associate software engineer - technology development program, summer 2025 - atlanta, ga","atlanta, ga",1d,$140k - $175k (employer est.)
tru47,4.8,software engineer - perception ml ops,"boston, ma",30d+,$169k - $225k (employer est.)
schneider electric,4.1,"design enablement engineer, software engineering ai/machine learning (2024 new college graduate)","malta, ny",23d,$61k - $95k (employer est.)
gopuff,3.2,shopify webmaster,remote,3d,$90k - $125k (employer est.)
gopuff,3.6,software development test engineer - electrical iot devices,"foxborough, ma",1d,$162k - $284k (employer est.)
camelot integrated solutions inc.,3.9,senior software engineer - delivery tech,"miami, fl",17d,$91k - $137k (employer est.)
cvs health,5.0,senior software engineer - warehouse,"miami, fl",17d,$160k - $175k (employer est.)
boeing,4.6,senior software engineer i,"houston, tx",30d+,$177k - $323k (employer est.)
publix,3.4,software engineer - enterprise identity services,"hartford, ct",11d,$133k - $193k (employer est.)
experian,4.9,software engineer - junior level,"annapolis junction, md",11d,$81k - $99k (glassdoor est.)
openai,4.3,software engineer – customer payments support,"lakeland, fl",20d,$85k - $95k (employer est.)
bytedance,3.6,staff software engineer (remote),texas,3d,$180k - $339k (employer est.)
alterra mountain company,4.2,"software engineer, full stack","san francisco, ca",6d,$163k - $200k (employer est.)
experian,3.8,senior frontend software engineer - customer service plateform - seattle,"seattle, wa",30d+,$85k - $150k (employer est.)
"clarity innovations, llc",3.4,"software engineer, mobile (react native)","denver, co",13d,$80k - $110k (employer est.)
amazon advertising llc,3.4,senior software engineer (remote),california,3d,$93k - $128k (glassdoor est.)
boeing,4.1,junior software engineer (swe1) (qc) tto16-022,"annapolis junction, md",30d+,$112k - $154k (employer est.)
bose,4.1,"software quality assurance engineer (level 6), automotive",united states,11d,$155k - $221k (employer est.)
macy’s,4.1,front end/ui mid-level software engineer,"annapolis junction, md",16d,$102k - $132k (employer est.)
microsoft,5.0,dsp software engineer,"framingham, ma",30d+,$80k - $111k (glassdoor est.)
draftkings,4.1,lead software engineer - supply chain,"johns creek, ga",2d,$187k - $280k (employer est.)
ge appliances,4.0,software engineer,"redmond, wa",30d+,$105k - $155k (glassdoor est.)
quantum systems inc,4.1,"senior software engineer, ios",remote,18d,$92k - $120k (glassdoor est.)
"kaseware, inc.",4.1,software engineering co-op_summer 2025,"louisville, ky",30d+,$230k - $280k (employer est.)
microsoft,4.1,software engineer,"moorpark, ca",19d,$94k - $128k (glassdoor est.)
cvs health,4.2,software engineer,"denver, co",27d,$129k (employer est.)
jbt corporation,4.6,software engineer ii - automated reasoning and testing,"redmond, wa",5d,$80k - $180k (employer est.)
fanatics inc.,3.9,sr software development engineer,"buffalo grove, il",3d,$93k - $129k (glassdoor est.)
innovative defense technologies (idt),4.1,senior software engineer c++,"chalfont, pa",30d+,$105k - $190k (employer est.)
microchip technology,4.0,"software engineer ii, (java/aws)",united states,12d,$139k - $169k (employer est.)
"crunchyroll, llc",4.2,frontend software engineer,"mount laurel, nj",5d,$54k - $98k (employer est.)
accrete.ai,3.7,engineer i-software,"san jose, ca",23d,$55k - $186k (employer est.)
roku,3.8,"software engineer iii, android","culver city, ca",30d+,$101k - $139k (glassdoor est.)
early warning services,3.6,machine learning engineer (early career),"new york, ny",19d,$88k - $120k (glassdoor est.)
workday,5.0,"senior software engineer, service mesh","boston, ma",5d,$129k - $202k (employer est.)
grainger,4.1,"software engineer - java, zelle","scottsdale, az",1d,$70k - $115k (employer est.)
costco wholesale,4.7,front-end engineer - content platform,"boulder, co",30d+,$91k - $134k (glassdoor est.)
mochi health,3.5,software engineer iv (success factors - employee central payroll),"lake forest, il",1d,$92k - $124k (glassdoor est.)
jacobs,4.2,software engineer - digital data products,"seattle, wa",10d,$115k - $190k (employer est.)
boeing intelligence & analytics,4.2,"senior software engineer, frontend","san francisco, ca",7d,$94k - $139k (glassdoor est.)
netapp,4.0,software test engineer,"kennedy space center, fl",30d+,$140k - $216k (glassdoor est.)
alphataraxia,3.9,entry level software engineer,"annapolis junction, md",4d,$90k - $103k (employer est.)
daqscribe solutions,4.7,software engineer - c/c++,"san jose, ca",10d,$95k - $170k (employer est.)
boeing,4.0,senior software engineer,"washington, dc",30d+,$343k - $637k (employer est.)
honeywell,4.8,software engineer,united states,10d,$172k - $223k (employer est.)
state street,3.4,"software engineer ii - .net, c#, azure","phoenix, az",13d,$93k - $186k (employer est.)
"garmin international, inc.",3.9,senior software engineer - courier pricing,"new york, ny",1d,$83k - $110k (glassdoor est.)
adobe,4.5,"software quality assurance engineer, assistance vice president","quincy, ma",30d+,$120k (employer est.)
honeywell,5.0,embedded software engineer,"salem, or",11d,$88k - $140k (employer est.)
honeywell,4.3,software development engineer,"lehi, ut",20d,$95k - $136k (glassdoor est.)
johns hopkins university,4.8,software engineering/electrical engineering co-op - fall 2024 (us persons),"mason, oh",27d,$100k - $130k (employer est.)
university of vermont,4.1,software engineer ii,"mason, oh",5d,$159k - $175k (employer est.)
federal reserve bank of dallas,3.5,software engineer,"baltimore, md",30d+,$104k - $348k (employer est.)
"grammarly, inc.",4.0,research software engineer,"burlington, vt",4d,$98k - $209k (employer est.)
scd information technology,3.9,software engineer,"dallas, tx",23d,$78k - $104k (employer est.)
clarity innovations,4.0,"software engineer, data engineering",united states,4d,$100k (employer est.)
"akina, inc.",4.0,sr. software engineer,"columbia, md",1d,$64k - $128k (employer est.)
volvo group,3.9,software engineer - level 1 (rr) rrtn-8319,"annapolis junction, md",30d+,$117k - $216k (employer est.)
calspan corporation,3.7,software engineer - 3 (javascript/go/python),"annapolis junction, md",3d,$135k - $247k (employer est.)
zoox,4.2,co-op: software (spring 2025),"shippensburg, pa",11d,$83k - $136k (glassdoor est.)
"garmin international, inc.",3.8,"associate software engineer, edwards air force base","edwards afb, ca",26d,$85k - $130k (glassdoor est.)
root//source,3.5,software engineer - rider support tools,"foster city, ca",30d+,$99.00 per hour (employer est.)
"hireio, inc.",3.6,senior software engineer - aviation databases,"olathe, ks",30d,$73k - $88k (employer est.)
pac group llc,3.5,full stack java software engineer (hybrid),"annapolis junction, md",12d,$59k - $88k (employer est.)
fanatics inc.,3.0,software engineer,"san jose, ca",12d,$105k - $146k (glassdoor est.)
emergent software,4.1,software and systems engineer,"suffolk, va",30d+,$70k - $125k (employer est.)
harvard university,4.1,sr software engineer (back-end),"new york, ny",18d,$62k - $98k (glassdoor est.)
zoox,4.9,software engineer (python),united states,4d,$82k - $119k (glassdoor est.)
intone networks,3.8,"sr. software engineer, hbs online","boston, ma",30d+,$80k - $113k (glassdoor est.)
cartiktech llc,4.1,software development engineer in test,"foster city, ca",6d,$67k - $106k (glassdoor est.)
abbott laboratories,3.9,software engineer,"austin, tx",19d,$144k - $200k (employer est.)
prove,3.4,senior software engineer,"chicago, il",4d,$129k - $224k (employer est.)
fanatics inc.,3.5,software engineer ii,"sylmar, ca",30d+,$169k (employer est.)
schweitzer engineering laboratories,4.2,"senior software engineer, orchestration team","chicago, il",6d,$45.66 - $54.99 per hour (employer est.)
themis insight,3.9,software engineer iii,"new york, ny",30d+,$130k - $270k (employer est.)
world vision usa,4.9,associate software engineer - c# emphasis,"pullman, wa",30d+,$140k - $180k (employer est.)
rippling,3.7,jr. software engineer - hybrid/remote,remote,2d,$69k - $98k (glassdoor est.)
hop labs,4.2,software development engineer iii,united states,16d,$59k - $86k (glassdoor est.)
"hawaiian airlines, inc.",3.2,staff software engineer - documents,united states,2d,$80k - $123k (glassdoor est.)
netapp,3.9,ml software engineer,remote,30d+,$105k - $152k (glassdoor est.)
quantum systems inc,4.1,"software developer engineer, it technical operations","honolulu, hi",10d,$135k - $175k (employer est.)
salesforce,3.9,software engineer,remote,10d,$154k - $279k (employer est.)
visa,3.7,software engineer lead,"moorpark, ca",12d,$86k - $145k (glassdoor est.)
honeywell,3.6,full-stack software engineer – lmts / pmts,"san francisco, ca",30d+,$104k - $348k (employer est.)
oliver wyman group,3.4,software engineer – senior consultant level - tink,"austin, tx",4d,$76k - $155k (employer est.)
nvidia,2.5,software engineer i,"richardson, tx",30d+,$83k - $114k (glassdoor est.)
morgan stanley,4.4,nera associate software engineer,"white plains, ny",30d+,$155k - $221k (employer est.)
amex,4.5,system software engineer – autonomous vehicles platform,"santa clara, ca",30d+,$100k - $200k (employer est.)
multi state lottery association,4.0,"associate, python / perl dev","alpharetta, ga",10d,$83k - $110k (glassdoor est.)
eog resources,3.4,"backend software engineer, digital banking-payments","phoenix, az",6d,$99k (employer est.)
baxter,3.7,senior software engineer,"johnston, ia",11d,$129k - $207k (employer est.)
afterpay,3.7,software engineer i,"houston, tx",30d+,$161k - $215k (glassdoor est.)
u.s. bank national association,4.0,senior backend software engineer (hybrid),"bellevue, wa",30d+,$93k - $132k (glassdoor est.)
geon technologies,3.8,"software engineer - pubsub, cash app","san francisco, ca",1d,$95k - $115k (employer est.)
intel,5.0,"software engineer 2 - mainframe (cobol, jcl, vsam)","brookfield, wi",12d,$310k - $465k (employer est.)
tdi technologies,4.1,software engineer,"annapolis junction, md",30d+,$117k - $160k (glassdoor est.)
daikin comfort technologies mfg lp,4.3,software engineer / simulation - virtual prototyping,"san jose, ca",21d,$213k - $293k (employer est.)
intone networks,4.4,c# software engineer,pennsylvania,6d,$87k - $124k (glassdoor est.)
intone networks,3.6,software engineer 3,"chatsworth, ca",4d,$163k - $294k (employer est.)
wise,3.6,software engineer in test,"westlake, tx",25d,$195k - $230k (employer est.)
"garmin international, inc.",3.1,jr cloud engineer,"phoenix, az",9d,$70k - $90k (employer est.)
nyla technology solutions,4.2,"senior software engineer ii, wise account","austin, tx",19d,$86k - $109k (employer est.)
wellington management,3.0,senior .net software engineer,"cary, nc",4d,$79k - $124k (glassdoor est.)
synergy ecp,3.5,software engineer,"annapolis junction, md",30d+,$122k - $147k (employer est.)
costco wholesale,3.1,senior software engineer,"boston, ma",30d+,$110k - $154k (employer est.)
"vizient, inc.",4.5,software engineer,"annapolis junction, md",30d+,$119k - $142k (employer est.)
leidos,3.7,software engineer - it sustainability,"seattle, wa",17d,$120k - $150k (employer est.)
noblis,3.7,senior software engineer,"irving, tx",30d+,$85k - $131k (glassdoor est.)
elevi associates,4.7,junior software engineer - panama shift!,"annapolis junction, md",30d+,$60k - $80k (employer est.)
ascending,4.0,software solutions engineer – multiple levels,"oklahoma city, ok",30d+,$112k - $177k (employer est.)
trellint,4.0,sr software engineer,"annapolis junction, md",4d,$90k - $104k (employer est.)
synergy ecp,4.1,cloud software engineer,"fairfax, va",30d+,$79k - $159k (employer est.)
lockheed martin,3.6,r&d software engineer ii,maryland,11d,$195k - $245k (employer est.)
"trusted space, inc.",4.4,software engineer 1,"columbia, md",30d+,$66k - $112k (glassdoor est.)
state street,4.2,software engineer,"highlands ranch, co",2d,$145k - $190k (employer est.)
"availity, llc.",4.0,software engineer,colorado,16d,$86k - $127k (glassdoor est.)
borgwarner,1.0,"software development engineer, officer, onsite","quincy, ma",3d,$120k - $140k (employer est.)
ford motor company,4.1,node.js/kotlin software engineer iv,"jacksonville, fl",24d,$61k - $89k (glassdoor est.)
forterra,3.9,software resident engineer,"auburn hills, mi",6d,$68k - $102k (glassdoor est.)
epsilon,3.1,software engineer,"dearborn, mi",5d,$79k - $125k (glassdoor est.)
bytedance,3.3,perception software engineer - ml ops,remote,30d+,$100k - $155k (glassdoor est.)
logistics management institute,3.7,senior front end software engineer,"chicago, il",10d,$94k - $122k (glassdoor est.)
"hottinger, bruel & kjaer",3.9,software engineer (data security-us) - 2025 start (bs/ms),"san jose, ca",6d,$60.00 - $72.00 per hour (employer est.)
sirius xm,3.6,cloud engineer,remote,3d,$105k - $125k (employer est.)
warner bros. discovery,3.8,custom software engineer,"pompano beach, fl",30d+,$103k - $147k (glassdoor est.)
peloton,3.3,"senior software engineer - python, celery, redis","oakland, ca",3d,$81k - $118k (glassdoor est.)
movius interactive corporation,3.4,"vp, software engineering",united states,6d,$122k - $172k (glassdoor est.)
accenture federal services,4.0,site reliability engineer,united states,6d,$108k - $216k (employer est.)
corteva,3.9,software engineer- backend,"fremont, ca",19d,$122k - $184k (employer est.)
intrafi network,3.3,software engineer,"elkridge, md",3d,$121k - $181k (employer est.)
pseg,3.9,software engineer ii,"johnston, ia",9d,$78k - $133k (employer est.)
ryzlink dba chuwa america,3.1,senior software engineer,"arlington, va",13d,$75k (employer est.)
trane technologies,3.6,software engineer,"bethpage, ny",10d,$86k - $139k (glassdoor est.)
discord,4.3,software programmer,"santa clara, ca",5d,$88k - $173k (employer est.)
tesla,4.2,software engineer - innovation,"saint paul, mn",10d,$182k - $244k (glassdoor est.)
microsoft,4.0,"software engineer, ads (quests)","san francisco, ca",18d,$124k - $155k (employer est.)
first american financial corporation,3.7,"staff software engineer, backend, factory software","fremont, ca",4d,$94k - $129k (glassdoor est.)
intrafi network,3.6,software engineer 2,"redmond, wa",2d,$72.84 - $80.93 per hour (employer est.)
collins aerospace,3.5,software engineer ii (hybrid or remote possible),"idaho falls, id",1d,$130k - $165k (employer est.)
roche,4.3,software engineer (customer-facing applications),"arlington, va",10d,$65k - $101k (glassdoor est.)
qualtrics,3.0,software engineer,"lenexa, ks",15d,$129k - $224k (employer est.)
edward rose & sons,4.4,senior software engineer - digital pathology,"santa clara, ca",2d,$161k - $243k (employer est.)
michelin,5.0,senior software development engineer - data engineering team,"seattle, wa",8d,$76k - $107k (glassdoor est.)
"garmin international, inc.",4.7,yardi enterprise software support engineer - hybrid remote,"bloomfield hills, mi",11d,$70k - $85k (employer est.)
smart ims,4.3,software engineer(entry/experienced) spa,"spartanburg, sc",26d,$75k - $150k (employer est.)
wipro,3.9,embedded c / linux software engineer - marine,"olathe, ks",23d,$110k - $150k (employer est.)
harley-davidson,3.8,software engineer 2,united states,30d+,$98k - $147k (glassdoor est.)
"vizio, inc.",3.4,php engineer,"tampa, fl",30d+,$74k - $92k (employer est.)
geneva technologies inc.,3.4,associate design engineer - software v&v,"wauwatosa, wi",30d+,$8k - $12k (employer est.)
electronx,4.2,senior software engineer,"dallas, tx",5d,$90k - $131k (employer est.)
camelot integrated solutions inc.,3.7,software engineer,"monument, co",4d,$120k - $150k (employer est.)
"jrc integrated systems, llc",3.7,experienced: core infrastructure software engineer,remote,3d,$126k - $237k (employer est.)
sabre engineering,3.5,software developer (job code 001),"houston, tx",30d+,$50k - $78k (glassdoor est.)
thermoflow,4.2,software engineer,"dahlgren, va",30d+,$94k - $117k (glassdoor est.)
fanatics inc.,3.5,jr. software engineer,"columbia, md",2d,$185k - $200k (employer est.)
"twitch interactive, inc.",3.5,"computer science, software engineers, programmers","jacksonville, fl",30d+,$103k - $149k (employer est.)
adtran,3.4,sr software engineer,"new york, ny",30d+,$109k - $141k (glassdoor est.)
oncorre,3.8,software development engineer,"seattle, wa",5d,$76k - $116k (glassdoor est.)
nmg technology services,3.8,senior software engineer,oregon,5d,$37k - $82k (employer est.)
captivation software,3.7,software engineer,"bridgewater, nj",30d+,$129k - $159k (glassdoor est.)
invisible technologies,3.7,software engineer,"brooklyn, ny",30d+,$80k - $111k (glassdoor est.)
metas solutions,4.1,software engineer 2 - devops,"annapolis junction, md",30d+,$95k - $133k (glassdoor est.)
"gap solutions, inc.",4.0,senior software engineer - platform,remote,16d,$130k - $140k (employer est.)
independent software,4.2,software quality assurance engineer & tester,"atlanta, ga",2d,$81k - $118k (glassdoor est.)
interimage,4.1,software qa engineer and tester,"atlanta, ga",24h,$120k - $150k (employer est.)
tickets.com,5.0,"software integration engineer, junior","fort meade, md",30d+,$180k - $260k (employer est.)
adobe,4.9,2251 java & nifi software engineer,"annapolis junction, md",18d,$86k - $111k (glassdoor est.)
embecta,3.3,senior software engineer,"boulder, co",6d,$40.00 - $45.00 per hour (employer est.)
tesla,4.2,senior software development engineer,"san jose, ca",11d,$74k - $109k (glassdoor est.)
cvs health,4.1,"senior fullstack software engineer (hybrid - andover, ma)","andover, ma",6d,$108k - $116k (employer est.)
space systems integration,3.0,"sr. software engineer, backend, factory software","fremont, ca",4d,$103k - $146k (glassdoor est.)
cash app,4.5,full-stack software developer,"hartford, ct",17d,$89k - $128k (glassdoor est.)
annapurna labs (u.s.) inc.,5.0,software engineer,"albuquerque, nm",30d+,$84k (employer est.)
index engines inc.,3.9,"software engineer, incentive","seattle, wa",3d,$144k - $198k (employer est.)
ford motor company,4.4,"software dev engineer - machine learning apps, accelerator","cupertino, ca",3d,$160k - $321k (employer est.)
q9software,4.1,react software engineer,colorado,30d+,$97k - $155k (glassdoor est.)
squarespace,3.8,software engineer,"dearborn, mi",30d+,$120k - $290k (employer est.)
"advanced micro devices, inc",3.4,software developer,"germantown, md",30d+,$87k - $126k (glassdoor est.)
interimage,3.7,"senior software engineer, user platform (java)",united states,5d,$129k - $224k (employer est.)
"flow systems, inc",3.4,software development engineer - ai/ml,"san jose, ca",30d+,$103k - $141k (employer est.)
openai,4.6,2128 software engineer 1 (java focused),"annapolis junction, md",18d,$135k - $155k (employer est.)
teradyne,3.8,software engineer,"berthoud, co",3d,$65k - $118k (employer est.)
meta,2.9,"senior software engineer, search evaluations","san francisco, ca",6d,$80k - $94k (employer est.)
yellow duck technologies inc.,4.3,software performance engineer,"north reading, ma",18d,$104k - $348k (employer est.)
workday,4.0,software engineer - camera (technical leadership),"redmond, wa",3d,$300k - $450k (employer est.)
ops tech alliance,4.2,cleared junior software engineer,"annapolis junction, md",15d,$90k - $126k (glassdoor est.)
cdk global,3.7,principal software engineer,"seattle, wa",30d+,$78k - $102k (glassdoor est.)
iab solutions llc,3.7,software engineer level 3,"fort meade, md",30d+,$110k - $154k (employer est.)
general assembly,4.2,associate software engineer,"austin, tx",5d,$87k - $171k (employer est.)
delta dental ins.,4.3,senior software engineer,whitehall township,11d,$125k - $160k (employer est.)
cotiviti,4.4,software engineer instructor,"denver, co",30d+,$83k - $124k (employer est.)
boeing,4.1,senior software engineer,"alpharetta, ga",1d,$74k - $98k (glassdoor est.)
braum's,3.9,sr. devops engineer,remote,2d,$102k - $159k (employer est.)
cummings aerospace inc,2.5,software engineer - mid level,"annapolis junction, md",17d,$115k - $165k (employer est.)
t.m. bier & associates,4.4,senior software engineer,"oklahoma city, ok",6d,$108k - $216k (employer est.)
zelis,3.9,software engineer-mid level,"largo, fl",3d,$90k - $145k (employer est.)
tiktok,3.7,software engineer (bms),united states,9d,$68k - $104k (glassdoor est.)
eaton,3.5,senior software engineer - c# & rust,new jersey,3d,$72k - $108k (employer est.)
cvs health,3.0,"frontend software engineer graduate, tiktok infrastructure - 2025 start (bs/ms)","san jose, ca",10d,$69k - $120k (glassdoor est.)
zoox,3.7,eaton development program: engineering technology - software,"peachtree city, ga",5d,$72k - $127k (glassdoor est.)
radiance technologies,3.9,software development engineer,"hartford, ct",30d+,$158k - $205k (employer est.)
boston consulting group,4.2,senior fullstack software engineer - perception metrics platform,"san francisco, ca",19d,$100k - $160k (employer est.)
sage,3.5,full stack software engineer,"beavercreek, oh",13d,$50.00 - $54.00 per hour (employer est.)
neurable,4.4,"ai software engineer, campus, united states - bcg x","los angeles, ca",4d,$130k - $210k (employer est.)
asm international,3.4,"software engineer - c#, c++","lawrenceville, ga",30d+,$115k - $159k (glassdoor est.)
galvion,4.0,senior software engineer,"boston, ma",9d,$138k - $192k (glassdoor est.)
prophet software,3.6,field software support engineer,"hillsboro, or",30d+,$89k - $129k (glassdoor est.)
ansira,4.1,associate software engineer (on-site),"portsmouth, nh",1d,$130k - $150k (employer est.)
elder research,4.7,software developer,"westlake village, ca",16d,$177k - $251k (employer est.)
3 reasons consulting,3.9,full stack software engineer,washington state,11d,$100k - $158k (glassdoor est.)
"ab2 consulting, inc.",3.2,backend software engineer,"fort george g meade, md",30d+,$168k - $253k (employer est.)
university of maryland,4.1,software engineer ii,"san diego, ca",30d+,$167k - $296k (employer est.)
cpi card group,3.6,"software development engineer in test (sdet) / okemos, mi (hybrid)","okemos, mi",10d,$136k - $200k (employer est.)
simplot,3.8,research software and data engineer,"college park, md",5d,$35.00 - $50.00 per hour (employer est.)
walmart advanced systems and robotics,4.1,software process engineer,"fort wayne, in",30d+,$118k - $142k (employer est.)
fanatics inc.,3.5,software engineer,"boise, id",12d,$109k - $219k (employer est.)
ge healthcare,4.0,senior software engineer – emulation,"andover, ma",25d,$64k - $113k (glassdoor est.)
norc at the university of chicago,4.1,"software engineer ii, android",united states,30d+,$104k - $166k (employer est.)
wssc water,5.0,software engineer,"washington, dc",30d+,$181k - $212k (employer est.)
rvo health,4.0,cloud engineer,"chicago, il",5d,$91k - $119k (glassdoor est.)
wisenbaker builder services,3.8,"engineering software administrator (e-builder, primavera p6)","laurel, md",2d,$70k - $115k (employer est.)
optum,3.0,2025 early career program: software engineering,"charlotte, nc",4d,$124k - $211k (employer est.)
sofi,3.9,cad software engineer (cabinets),"hillsboro, tx",12d,$161k - $253k (employer est.)
fanatics inc.,4.1,"senior ai/ml software engineer, java - remote","eden prairie, mn",3d,$90k - $140k (employer est.)
micron,3.4,"staff software engineer, at work","seattle, wa",2d,$123k - $175k (employer est.)
boeing,3.5,software engineer ii,"new york, ny",18d,$81k - $131k (glassdoor est.)
bellelynn,3.6,it software engineer,"boise, id",30d+,$77k - $104k (glassdoor est.)
bertrandt,3.8,software engineer 3 - front end (contract),"el segundo, ca",3d,$125k - $208k (employer est.)
amazon.com services llc,3.7,sr software engineer,"columbia, md",3d,$80k - $113k (glassdoor est.)
salesforce,4.0,automotive software engineer,"sterling heights, mi",30d+,$129k - $224k (employer est.)
ford motor company,4.2,"front end engineer, sponsored brands - fixed","new york, ny",4d,$92k - $133k (glassdoor est.)
eai technologies,3.8,software engineering lmts,"bellevue, wa",4d,$105k - $130k (glassdoor est.)
mahlet,4.1,software engineer - global order bank,"dearborn, mi",16d,$62k - $89k (glassdoor est.)
new river systems corporation,4.4,physics/math graduate - entry level software developer,"vienna, va",30d+,$110k - $145k (employer est.)
rev robotics,4.6,software engineer,"burtonsville, md",16d,$116k - $128k (employer est.)
"intelligenesis, llc",4.1,onestream software systems engineer,united states,17d,$111k - $184k (employer est.)
enersys,3.6,senior software engineer,"carrollton, tx",5d,$138k - $297k (employer est.)
university of washington,4.7,full stack software engineer level 1,"arlington, va",30d+,$109k - $145k (glassdoor est.)
hewlett packard,3.8,product engineer i,"longmont, co",24h,$97k - $133k (glassdoor est.)
movius interactive corporation,3.4,software engineer,"seattle, wa",30d+,$100k - $145k (employer est.)
noblis,4.1,cloud software development engineer,"fort collins, co",11d,$86k - $129k (glassdoor est.)
cedent,3.7,software engineer - backend voice,"fremont, ca",1d,$53k - $96k (glassdoor est.)
bank of america,3.5,software engineer (all levels),"mclean, va",30d+,$75k - $131k (employer est.)
linquest corporation,4.3,"software system engineer (c++, java background)","warren, mi",30d+,$119k - $173k (glassdoor est.)
hewlett packard,3.5,software engineer ii,"charlotte, nc",3d,$97k - $126k (glassdoor est.)
oracle,4.0,ground software engineer,virginia,11d,$84k - $106k (glassdoor est.)
federal reserve bank of boston,4.1,experienced front-end engineer,"fort collins, co",14d,$81k - $109k (glassdoor est.)
collins aerospace,3.5,software developer,"austin, tx",2d,$166k - $228k (employer est.)
apriva,3.9,full-stack software engineer – digital money and payments research & development,"boston, ma",30d+,$154k - $279k (employer est.)
asec,3.9,software engineering co-op (summer/fall 2025) (onsite),"cedar rapids, ia",2d,$115k - $154k (employer est.)
t. rowe price,4.6,software engineer iv,"phoenix, az",27d,$66k - $109k (glassdoor est.)
s&s activewear llc,3.8,software engineer,"patuxent river, md",16d,$116k - $204k (employer est.)
peterson technologies,4.0,software engineer,"owings mills, md",23d,$102k - $150k (glassdoor est.)
"longpath technologies, inc.",3.7,senior software engineer (hybrid available),"bolingbrook, il",22d,$139k - $184k (glassdoor est.)
gradient,4.0,mid level software engineer,"hanover, md",30d+,$94k - $118k (glassdoor est.)
amazon.com services llc,4.2,senior software engineer,"boulder, co",18d,$94k - $136k (glassdoor est.)
envisn incorporated,3.7,senior software engineer,"burlingame, ca",2d,$126k - $265k (employer est.)
intersoft data labs,3.5,"software development engineer ii, sort tech","tempe, az",3d,$100k - $135k (glassdoor est.)
digital insight printing,4.1,software quality assurance (tester) engineer,"indianola, pa",9d,$175k - $209k (employer est.)
teradyne,3.6,software engineer (onsite),"columbia, md",25d,$248k - $385k (employer est.)
beshenich muir & associates llc,4.6,magento developer,remote,24h,$91k - $152k (employer est.)
powermind solutions,4.6,software machine learning engineer,"north reading, ma",3d,$129k - $193k (employer est.)
plaid,3.7,software systems engineer,"fort belvoir, va",30d+,$98k - $135k (glassdoor est.)
"grammarly, inc.",3.2,software developer,georgia,4d,$114k - $149k (glassdoor est.)
shipperhq,4.0,software engineer - credit,"san francisco, ca",30d+,$130k - $236k (employer est.)
bryn neil,3.6,"software engineer, back-end",united states,30d+,$144k - $288k (employer est.)
dcs corp,3.9,sr. software engineer - site reliability,"austin, tx",16d,$49k - $84k (glassdoor est.)
bank of america,3.4,cleared software engineer,"denver, co",3d,$129k - $224k (employer est.)
"amazon web services, inc.",3.8,software developer,maryland,3d,$118k - $184k (glassdoor est.)
"bio-rad laboratories, inc.",4.1,data center services - software engineer,"plano, tx",8d,$86k - $116k (glassdoor est.)
"audacy, inc.",4.8,"software dev engineer, l5 , sfsc integrations","seattle, wa",23d,$124k - $234k (employer est.)
cyberkorp,4.2,software developer in test,"hercules, ca",10d,$80k - $119k (employer est.)
leidos,3.5,senior software engineer,"denver, co",4d,$88k (employer est.)
boeing intelligence & analytics,3.4,"software developers – multiple openings – bloomingdale, il",united states,30d+,$55k (employer est.)
tesla,4.1,junior java software engineer,"fort meade, md",30d+,$234k - $284k (employer est.)
openai,3.1,apprentice etl software engineer,"elkridge, md",30d+,$160k - $385k (employer est.)
ncr atleos,3.9,"software engineer, tool & infrastructure, reliability & test","palo alto, ca",1d,$222k (employer est.)
electronic warfare associates,3.8,"software engineer, engineering acceleration","san francisco, ca",5d,$82k - $118k (glassdoor est.)
"billgo, inc.",3.3,atm software engineer (level iii),"frisco, tx",30d+,$69k - $107k (glassdoor est.)
genesys,3.6,software engineer,"mount laurel, nj",30d+,$95k - $143k (employer est.)
